{
  "changedFilesIos": [
    "merges\\windows\\js\\platformOverrides.js",
    "res\\icons\\android\\icon-72-hdpi.png",
    "res\\screens\\android\\screen-mdpi-landscape.png",
    "res\\icons\\ios\\icon-60.png",
    "res\\screens\\ios\\screen-iphone-landscape-736h.png",
    "scss\\main.scss",
    "merges\\windows\\templates\\partials\\wrapper.html",
    "res\\icons\\windows\\StoreLogo.scale-100.png",
    "Cordova_App.vstemplate",
    "res\\icons\\android\\icon-48-mdpi.png",
    "res\\icons\\ios\\icon-72.png",
    "res\\icons\\ios\\icon-76.png",
    "res\\screens\\ios\\screen-ipad-portrait-2x.png",
    "scss\\helpers\\_variables.scss",
    "plugins\\android.json",
    "scss\\themes\\_custom.scss",
    "res\\screens\\ios\\screen-iphone-portrait-2x.png",
    "res\\icons\\windows\\Square71x71Logo.scale-240.png",
    "merges\\windows\\templates\\partials\\tabs.html",
    "scss\\platform.scss",
    "merges\\android\\templates\\partials\\wrapper.html",
    "www\\templates\\pages\\scroll.html",
    "res\\screens\\android\\screen-hdpi-portrait.png",
    "www\\fonts\\lib\\ionic\\release\\fonts\\ionicons.ttf",
    "res\\icons\\windows\\StoreLogo.scale-240.png",
    "plugins\\windows.json",
    "res\\screens\\ios\\screen-ipad-landscape.png",
    "merges\\android\\js\\platformOverrides.js",
    "www\\templates\\partials\\wrapper.html",
    "www\\templates\\partials\\loading.html",
    "res\\icons\\ios\\icon-60-3x.png",
    "plugins\\fetch.json",
    "config.xml",
    "scss\\lib\\ionic\\release\\css\\ionic.scss",
    "res\\screens\\wp8\\SplashScreenImage.jpg",
    "res\\screens\\ios\\screen-ipad-landscape-2x.png",
    "res\\screens\\ios\\screen-iphone-568h-2x.png",
    "res\\icons\\windows\\Square150x150Logo.scale-100.png",
    "www\\templates\\partials\\tabs.html",
    "merges\\windows\\css\\platform.css",
    "merges\\ios\\templates\\partials\\wrapper.html",
    "res\\screens\\android\\screen-ldpi-landscape.png",
    "res\\icons\\windows\\Wide310x150Logo.scale-240.png",
    "res\\icons\\windows\\Wide310x150Logo.scale-100.png",
    "res\\icons\\ios\\icon-72-2x.png",
    "res\\icons\\ios\\icon-76-2x.png",
    "www\\scripts\\lib\\ionic\\release\\js\\ionic.bundle.js",
    "www\\css\\main.css",
    "res\\icons\\ios\\icon-small.png",
    "merges\\android\\templates\\partials\\tabs.html",
    "res\\icons\\windows\\Square30x30Logo.scale-100.png",
    "merges\\ios\\templates\\partials\\tabs.html",
    "www\\fonts\\lib\\ionic\\release\\fonts\\ionicons.eot",
    "res\\icons\\wp8\\Background.png",
    "www\\css\\platform.css",
    "www\\index.html",
    "res\\icons\\ios\\icon-40.png",
    "res\\icons\\ios\\icon-60-2x.png",
    "res\\screens\\android\\screen-ldpi-portrait.png",
    "scss\\themes\\_brand.scss",
    "www\\templates\\pages\\actions.html",
    "res\\native\\android\\ant.properties",
    "res\\icons\\windows\\Square310x310Logo.scale-100.png",
    "taco.json",
    "res\\icons\\windows\\Square150x150Logo.scale-240.png",
    "res\\icons\\android\\icon-36-ldpi.png",
    "res\\screens\\ios\\screen-iphone-portrait.png",
    "Project_Readme.html",
    "res\\screens\\android\\screen-xhdpi-portrait.png",
    "res\\icons\\ios\\icon-50-2x.png",
    "res\\icons\\ios\\icon-57-2x.png",
    "res\\icons\\ios\\icon-50.png",
    "res\\icons\\ios\\icon-57.png",
    "res\\icons\\ios\\icon-small-2x.png",
    "res\\icons\\windows\\Square70x70Logo.scale-100.png",
    "res\\screens\\windows\\SplashScreen.scale-240.png",
    "www\\fonts\\lib\\ionic\\release\\fonts\\ionicons.svg",
    "www\\templates\\pages\\left.html",
    "merges\\android\\css\\platform.css",
    "res\\icons\\android\\icon-96-xhdpi.png",
    "www\\templates\\pages\\home.html",
    "res\\icons\\wp8\\ApplicationIcon.png",
    "www\\templates\\pages\\buttons.html",
    "res\\icons\\ios\\icon-40-2x.png",
    "res\\screens\\ios\\screen-iphone-portrait-667h.png",
    "res\\screens\\android\\screen-hdpi-landscape.png",
    "res\\screens\\windows\\SplashScreenPhone.scale-240.png",
    "res\\screens\\windows\\SplashScreen.scale-100.png",
    "res\\screens\\ios\\screen-iphone-portrait-736h.png",
    "res\\screens\\ios\\screen-ipad-portrait.png",
    "www\\fonts\\lib\\ionic\\release\\fonts\\ionicons.woff",
    "res\\screens\\android\\screen-xhdpi-landscape.png",
    "res\\icons\\windows\\Square44x44Logo.scale-240.png",
    "res\\screens\\android\\screen-mdpi-portrait.png",
    "www\\scripts\\appBundle.js.map",
    "www\\scripts\\appBundle.js"
  ],
  "deletedFilesIos": [],
  "addedPluginsIos": [],
  "deletedPluginsIos": [],
  "changedFiles": [
    "plugins\\windows.json",
    "www\\scripts\\appBundle.js.map",
    "www\\scripts\\appBundle.js",
    "www\\index.html",
    "www\\css\\main.css",
    "www\\css\\platform.css"
  ],
  "deletedFiles": [],
  "addedPlugins": [],
  "deletedPlugins": []
}